Name,Email,Phone 1,Phone 2
John,john@xyz.com,123-456-789,123-457-456
Doe,doe@xyz.com,123-426-789,121-457-456
Jane,jane@xyz.com,124-524-135,214-523-456
Smith,smith@xyz.com,178-426-789,145-457-456
Van,van@xyz.com,123-452-689,164-527-456
Das,das@xyz.com,423-426-789,421-457-456
Jack,jack@xyz.com,223-524-135,224-524-456
Steve,steve@xyz.com,578-426-789,545-457-456
Jeni,jeni@xyz.com,323-456-745,323-457-456
warner,warner@xyz.com,323-456-789,123-457-456
Doe,doe@xyz.com,123-426-789,121-457-456
david,david@xyz.com,424-524-135,414-523-456
Sam,sam@xyz.com,678-426-789,645-457-456
Vincent,vincent@xyz.com,723-452-689,764-527-456
kevin,kevin@xyz.com,724-526789,721-457-456
Alex,alex@xyz.com,823-524-135,824-524-456
Ben,ben@xyz.com,878-426-789,845-457-456
